timestamp,dataset_id,file_tag,instance_idx,algo,variant,seed,generations,time_ms,f,bk,ublp,gapLP_pct,gapBK_pct,deltaBK,div_hamming_avg,div_entropy_avg,stop_reason
2025-11-10T20:19:10.292695508Z,ORLIB,mknapcb1,1,GA_MKP,mut=0.0100;repair=true;ts=false,0,1322,13530,24329.000000,24381.000000,24585.902722,1.044919,0.213281,-52.000000,0.198652,0.517201,stagnation_1000
2025-11-10T20:19:37.242187332Z,ORLIB,mknapcb1,2,GA_MKP,mut=0.0100;repair=true;ts=false,0,1819,19991,24087.000000,24274.000000,24538.208990,1.838802,0.770372,-187.000000,0.228564,0.584094,stagnation_1000
2025-11-10T20:19:42.334527224Z,ORLIB,mknapcb1,3,GA_MKP,mut=0.0100;repair=true;ts=false,0,1017,11803,23494.000000,23551.000000,23895.828928,1.681586,0.242028,-57.000000,0.245362,0.607246,stagnation_1000
2025-11-10T20:19:55.012407245Z,ORLIB,mknapcb1,4,GA_MKP,mut=0.0100;repair=true;ts=false,0,1272,12548,23195.000000,23534.000000,23724.138568,2.230381,1.440469,-339.000000,0.191564,0.509718,stagnation_1000
2025-11-10T20:20:13.537210762Z,ORLIB,mknapcb1,5,GA_MKP,mut=0.0100;repair=true;ts=false,0,1042,11551,23771.000000,23991.000000,24223.030317,1.866118,0.917011,-220.000000,0.234265,0.584275,stagnation_1000
2025-11-10T20:20:26.722237887Z,ORLIB,mknapcb1,6,GA_MKP,mut=0.0100;repair=true;ts=false,0,1078,13058,24411.000000,24613.000000,24884.237046,1.901754,0.820705,-202.000000,0.249115,0.609663,stagnation_1000
2025-11-10T20:20:41.888975352Z,ORLIB,mknapcb1,7,GA_MKP,mut=0.0100;repair=true;ts=false,0,1844,21836,25521.000000,25591.000000,25793.401838,1.056091,0.273534,-70.000000,0.216217,0.553480,stagnation_1000
2025-11-10T20:20:54.030097115Z,ORLIB,mknapcb1,8,GA_MKP,mut=0.0100;repair=true;ts=false,0,1060,12011,23215.000000,23410.000000,23657.882201,1.872028,0.832977,-195.000000,0.226564,0.569627,stagnation_1000
2025-11-10T20:21:00.585590591Z,ORLIB,mknapcb1,1,GA_MKP,mut=0.0100;repair=true;ts=true;tenure=9;steps=1200;vmin=0.0;vmax=0.02;lmbMin=0.1;lmbMax=10000;up=1.2;down=0.9,0,1864,32215,24266.000000,24381.000000,24585.902722,1.301163,0.471679,-115.000000,0.143722,0.446792,stagnation_1000
2025-11-10T20:21:06.910290060Z,ORLIB,mknapcb1,9,GA_MKP,mut=0.0100;repair=true;ts=false,0,1032,12788,24091.000000,24216.000000,24445.615445,1.450630,0.516188,-125.000000,0.231569,0.580093,stagnation_1000
2025-11-10T20:21:20.920975856Z,ORLIB,mknapcb1,10,GA_MKP,mut=0.0100;repair=true;ts=false,0,1062,13988,24264.000000,24411.000000,24635.691889,1.508754,0.602188,-147.000000,0.248933,0.615727,stagnation_1000
2025-11-10T20:21:22.969399777Z,ORLIB,mknapcb1,2,GA_MKP,mut=0.0100;repair=true;ts=true;tenure=9;steps=1200;vmin=0.0;vmax=0.02;lmbMin=0.1;lmbMax=10000;up=1.2;down=0.9,0,1117,22424,23987.000000,24274.000000,24538.208990,2.246329,1.182335,-287.000000,0.195373,0.549713,stagnation_1000
2025-11-10T20:21:39.218645797Z,ORLIB,mknapcb1,11,GA_MKP,mut=0.0100;repair=true;ts=false,0,1559,18297,42710.000000,42757.000000,42939.522302,0.534525,0.109924,-47.000000,0.149083,0.426605,stagnation_1000
2025-11-10T20:21:47.524642466Z,ORLIB,mknapcb1,3,GA_MKP,mut=0.0100;repair=true;ts=true;tenure=9;steps=1200;vmin=0.0;vmax=0.02;lmbMin=0.1;lmbMax=10000;up=1.2;down=0.9,0,1018,17776,23494.000000,23551.000000,23895.828928,1.681586,0.242028,-57.000000,0.142410,0.482026,stagnation_1000
2025-11-10T20:22:00.085942369Z,ORLIB,mknapcb1,12,GA_MKP,mut=0.0100;repair=true;ts=false,0,1185,13939,42351.000000,42545.000000,42706.702095,0.832895,0.455988,-194.000000,0.154906,0.442737,stagnation_1000
2025-11-10T20:22:16.344279303Z,ORLIB,mknapcb1,4,GA_MKP,mut=0.0100;repair=true;ts=true;tenure=9;steps=1200;vmin=0.0;vmax=0.02;lmbMin=0.1;lmbMax=10000;up=1.2;down=0.9,0,1566,28863,23374.000000,23534.000000,23724.138568,1.475875,0.679867,-160.000000,0.157274,0.474038,stagnation_1000
2025-11-10T20:22:24.807930157Z,ORLIB,mknapcb1,13,GA_MKP,mut=0.0100;repair=true;ts=false,0,2960,31766,41858.000000,41968.000000,42165.187168,0.728533,0.262104,-110.000000,0.131650,0.406320,stagnation_1000
2025-11-10T20:22:27.940249203Z,ORLIB,mknapcb1,5,GA_MKP,mut=0.0100;repair=true;ts=true;tenure=9;steps=1200;vmin=0.0;vmax=0.02;lmbMin=0.1;lmbMax=10000;up=1.2;down=0.9,0,1047,18506,23886.000000,23991.000000,24223.030317,1.391363,0.437664,-105.000000,0.132240,0.453615,stagnation_1000
2025-11-10T20:22:44.240937464Z,ORLIB,mknapcb1,14,GA_MKP,mut=0.0100;repair=true;ts=false,0,1040,12556,44832.000000,45090.000000,45347.074057,1.135848,0.572189,-258.000000,0.150221,0.427775,stagnation_1000
2025-11-10T20:22:50.999531261Z,ORLIB,mknapcb1,15,GA_MKP,mut=0.0100;repair=true;ts=false,0,1041,13544,42123.000000,42218.000000,42434.122537,0.733190,0.225023,-95.000000,0.155189,0.436818,stagnation_1000
2025-11-10T20:23:02.934991260Z,ORLIB,mknapcb1,6,GA_MKP,mut=0.0100;repair=true;ts=true;tenure=9;steps=1200;vmin=0.0;vmax=0.02;lmbMin=0.1;lmbMax=10000;up=1.2;down=0.9,0,1927,34973,24493.000000,24613.000000,24884.237046,1.572228,0.487547,-120.000000,0.158405,0.483897,stagnation_1000
2025-11-10T20:23:05.764162757Z,ORLIB,mknapcb1,16,GA_MKP,mut=0.0100;repair=true;ts=false,0,1283,14632,42708.000000,42927.000000,43082.231019,0.868644,0.510168,-219.000000,0.146957,0.424530,stagnation_1000
2025-11-10T20:23:19.652028853Z,ORLIB,mknapcb1,17,GA_MKP,mut=0.0100;repair=true;ts=false,0,1234,14124,41782.000000,42009.000000,42190.597806,0.968457,0.540360,-227.000000,0.139493,0.412373,stagnation_1000
2025-11-10T20:23:21.184904887Z,ORLIB,mknapcb1,7,GA_MKP,mut=0.0100;repair=true;ts=true;tenure=9;steps=1200;vmin=0.0;vmax=0.02;lmbMin=0.1;lmbMax=10000;up=1.2;down=0.9,0,1056,18894,25521.000000,25591.000000,25793.401838,1.056091,0.273534,-70.000000,0.126346,0.434133,stagnation_1000
2025-11-10T20:23:32.128815550Z,ORLIB,mknapcb1,18,GA_MKP,mut=0.0100;repair=true;ts=false,0,1037,13587,44754.000000,45020.000000,45265.473430,1.129942,0.590849,-266.000000,0.155873,0.437956,stagnation_1000
2025-11-10T20:23:38.792052095Z,ORLIB,mknapcb1,8,GA_MKP,mut=0.0100;repair=true;ts=true;tenure=9;steps=1200;vmin=0.0;vmax=0.02;lmbMin=0.1;lmbMax=10000;up=1.2;down=0.9,0,1071,18702,23296.000000,23410.000000,23657.882201,1.529647,0.486971,-114.000000,0.104541,0.383109,stagnation_1000
2025-11-10T20:23:52.640451528Z,ORLIB,mknapcb1,19,GA_MKP,mut=0.0100;repair=true;ts=false,0,1828,22040,43127.000000,43441.000000,43567.491237,1.011055,0.722819,-314.000000,0.137880,0.416516,stagnation_1000
2025-11-10T20:24:04.264596612Z,ORLIB,mknapcb1,9,GA_MKP,mut=0.0100;repair=true;ts=true;tenure=9;steps=1200;vmin=0.0;vmax=0.02;lmbMin=0.1;lmbMax=10000;up=1.2;down=0.9,0,1015,20159,24091.000000,24216.000000,24445.615445,1.450630,0.516188,-125.000000,0.128788,0.449202,stagnation_1000
2025-11-10T20:24:15.394767470Z,ORLIB,mknapcb1,20,GA_MKP,mut=0.0100;repair=true;ts=false,0,1829,24665,44419.000000,44554.000000,44796.625645,0.842978,0.303003,-135.000000,0.144870,0.419124,stagnation_1000
2025-11-10T20:24:19.794405438Z,ORLIB,mknapcb1,10,GA_MKP,mut=0.0100;repair=true;ts=true;tenure=9;steps=1200;vmin=0.0;vmax=0.02;lmbMin=0.1;lmbMax=10000;up=1.2;down=0.9,0,1055,23848,24302.000000,24411.000000,24635.691889,1.354506,0.446520,-109.000000,0.207194,0.566703,stagnation_1000
2025-11-10T20:24:25.388233347Z,ORLIB,mknapcb1,21,GA_MKP,mut=0.0100;repair=true;ts=false,0,1091,10681,59793.000000,59822.000000,60016.555161,0.372489,0.048477,-29.000000,0.096987,0.333631,stagnation_1000
2025-11-10T20:24:40.215009998Z,ORLIB,mknapcb1,22,GA_MKP,mut=0.0100;repair=true;ts=false,0,1810,15493,61964.000000,62081.000000,62228.221156,0.424600,0.188463,-117.000000,0.087782,0.327954,stagnation_1000
2025-11-10T20:24:58.057953751Z,ORLIB,mknapcb1,23,GA_MKP,mut=0.0100;repair=true;ts=false,0,1320,12110,59706.000000,59802.000000,59963.295743,0.429089,0.160530,-96.000000,0.100449,0.346312,stagnation_1000
2025-11-10T20:25:08.576331392Z,ORLIB,mknapcb1,24,GA_MKP,mut=0.0100;repair=true;ts=false,0,1186,10369,60409.000000,60479.000000,60644.210021,0.387852,0.115743,-70.000000,0.096972,0.340006,stagnation_1000
2025-11-10T20:25:22.168021530Z,ORLIB,mknapcb1,11,GA_MKP,mut=0.0100;repair=true;ts=true;tenure=9;steps=1200;vmin=0.0;vmax=0.02;lmbMin=0.1;lmbMax=10000;up=1.2;down=0.9,0,2599,58309,42710.000000,42757.000000,42939.522302,0.534525,0.109924,-47.000000,0.085739,0.337283,stagnation_1000
2025-11-10T20:25:25.750844233Z,ORLIB,mknapcb1,25,GA_MKP,mut=0.0100;repair=true;ts=false,0,2031,17044,61029.000000,61091.000000,61338.959182,0.505322,0.101488,-62.000000,0.091370,0.326260,stagnation_1000
2025-11-10T20:25:32.000557653Z,ORLIB,mknapcb1,26,GA_MKP,mut=0.0100;repair=true;ts=false,0,1463,12415,58733.000000,58959.000000,59161.868131,0.724906,0.383317,-226.000000,0.096948,0.339680,stagnation_1000
2025-11-10T20:25:42.117229448Z,ORLIB,mknapcb1,27,GA_MKP,mut=0.0100;repair=true;ts=false,0,1180,9404,61352.000000,61538.000000,61696.080880,0.557703,0.302252,-186.000000,0.092317,0.334311,stagnation_1000
2025-11-10T20:25:55.219512698Z,ORLIB,mknapcb1,28,GA_MKP,mut=0.0100;repair=true;ts=false,0,1539,12538,61381.000000,61520.000000,61727.455409,0.561266,0.225943,-139.000000,0.097906,0.338054,stagnation_1000
2025-11-10T20:25:59.038579299Z,ORLIB,mknapcb1,12,GA_MKP,mut=0.0100;repair=true;ts=true;tenure=9;steps=1200;vmin=0.0;vmax=0.02;lmbMin=0.1;lmbMax=10000;up=1.2;down=0.9,0,1932,42000,42444.000000,42545.000000,42706.702095,0.615131,0.237396,-101.000000,0.103939,0.374290,stagnation_1000
2025-11-10T20:26:13.639066908Z,ORLIB,mknapcb1,29,GA_MKP,mut=0.0100;repair=true;ts=false,0,2206,18329,59408.000000,59453.000000,59618.006304,0.352253,0.075690,-45.000000,0.090780,0.329142,stagnation_1000
2025-11-10T20:26:32.998122089Z,ORLIB,mknapcb1,30,GA_MKP,mut=0.0100;repair=true;ts=false,0,2102,19279,59960.000000,59965.000000,60242.912600,0.469620,0.008338,-5.000000,0.099355,0.342189,stagnation_1000
2025-11-10T20:26:50.844609141Z,ORLIB,mknapcb1,13,GA_MKP,mut=0.0100;repair=true;ts=true;tenure=9;steps=1200;vmin=0.0;vmax=0.02;lmbMin=0.1;lmbMax=10000;up=1.2;down=0.9,0,2433,53011,41881.000000,41968.000000,42165.187168,0.673985,0.207301,-87.000000,0.094486,0.365750,stagnation_1000
2025-11-10T20:27:28.639029291Z,ORLIB,mknapcb1,14,GA_MKP,mut=0.0100;repair=true;ts=true;tenure=9;steps=1200;vmin=0.0;vmax=0.02;lmbMin=0.1;lmbMax=10000;up=1.2;down=0.9,0,1898,40973,45035.000000,45090.000000,45347.074057,0.688190,0.121978,-55.000000,0.114838,0.390566,stagnation_1000
2025-11-10T20:28:07.650204045Z,ORLIB,mknapcb1,15,GA_MKP,mut=0.0100;repair=true;ts=true;tenure=9;steps=1200;vmin=0.0;vmax=0.02;lmbMin=0.1;lmbMax=10000;up=1.2;down=0.9,0,1879,42207,42145.000000,42218.000000,42434.122537,0.681344,0.172912,-73.000000,0.121848,0.394796,stagnation_1000
2025-11-10T20:28:35.106350922Z,ORLIB,mknapcb1,16,GA_MKP,mut=0.0100;repair=true;ts=true;tenure=9;steps=1200;vmin=0.0;vmax=0.02;lmbMin=0.1;lmbMax=10000;up=1.2;down=0.9,0,1342,29397,42886.000000,42927.000000,43082.231019,0.455480,0.095511,-41.000000,0.115443,0.395670,stagnation_1000
2025-11-10T20:29:05.991165526Z,ORLIB,mknapcb1,17,GA_MKP,mut=0.0100;repair=true;ts=true;tenure=9;steps=1200;vmin=0.0;vmax=0.02;lmbMin=0.1;lmbMax=10000;up=1.2;down=0.9,0,1186,25559,42009.000000,42009.000000,42190.597806,0.430422,0.000000,0.000000,0.093135,0.347858,stagnation_1000
2025-11-10T20:29:18.553889390Z,ORLIB,mknapcb1,18,GA_MKP,mut=0.0100;repair=true;ts=true;tenure=9;steps=1200;vmin=0.0;vmax=0.02;lmbMin=0.1;lmbMax=10000;up=1.2;down=0.9,0,1020,21339,44865.000000,45020.000000,45265.473430,0.884722,0.344291,-155.000000,0.087706,0.339144,stagnation_1000
2025-11-10T20:29:40.472480139Z,ORLIB,mknapcb1,19,GA_MKP,mut=0.0100;repair=true;ts=true;tenure=9;steps=1200;vmin=0.0;vmax=0.02;lmbMin=0.1;lmbMax=10000;up=1.2;down=0.9,0,1146,23392,43274.000000,43441.000000,43567.491237,0.673647,0.384429,-167.000000,0.087985,0.345411,stagnation_1000
2025-11-10T20:30:01.563927617Z,ORLIB,mknapcb1,20,GA_MKP,mut=0.0100;repair=true;ts=true;tenure=9;steps=1200;vmin=0.0;vmax=0.02;lmbMin=0.1;lmbMax=10000;up=1.2;down=0.9,0,1102,23011,44511.000000,44554.000000,44796.625645,0.637605,0.096512,-43.000000,0.089834,0.347489,stagnation_1000
2025-11-10T20:30:50.586838028Z,ORLIB,mknapcb1,21,GA_MKP,mut=0.0100;repair=true;ts=true;tenure=9;steps=1200;vmin=0.0;vmax=0.02;lmbMin=0.1;lmbMax=10000;up=1.2;down=0.9,0,1796,44128,59799.000000,59822.000000,60016.555161,0.362492,0.038447,-23.000000,0.086338,0.327412,stagnation_1000
2025-11-10T20:31:14.078800684Z,ORLIB,mknapcb1,22,GA_MKP,mut=0.0100;repair=true;ts=true;tenure=9;steps=1200;vmin=0.0;vmax=0.02;lmbMin=0.1;lmbMax=10000;up=1.2;down=0.9,0,1348,33515,61891.000000,62081.000000,62228.221156,0.541910,0.306052,-190.000000,0.090938,0.343831,stagnation_1000
2025-11-10T20:31:56.342989148Z,ORLIB,mknapcb1,23,GA_MKP,mut=0.0100;repair=true;ts=true;tenure=9;steps=1200;vmin=0.0;vmax=0.02;lmbMin=0.1;lmbMax=10000;up=1.2;down=0.9,0,1872,45872,59739.000000,59802.000000,59963.295743,0.374055,0.105348,-63.000000,0.089290,0.341271,stagnation_1000
2025-11-10T20:32:30.191633810Z,ORLIB,mknapcb1,24,GA_MKP,mut=0.0100;repair=true;ts=true;tenure=9;steps=1200;vmin=0.0;vmax=0.02;lmbMin=0.1;lmbMax=10000;up=1.2;down=0.9,0,1455,36210,60394.000000,60479.000000,60644.210021,0.412587,0.140545,-85.000000,0.093233,0.347824,stagnation_1000
2025-11-10T20:33:07.980992003Z,ORLIB,mknapcb1,25,GA_MKP,mut=0.0100;repair=true;ts=true;tenure=9;steps=1200;vmin=0.0;vmax=0.02;lmbMin=0.1;lmbMax=10000;up=1.2;down=0.9,0,1656,40982,61079.000000,61091.000000,61338.959182,0.423808,0.019643,-12.000000,0.077980,0.316731,stagnation_1000
2025-11-10T20:33:31.941681204Z,ORLIB,mknapcb1,26,GA_MKP,mut=0.0100;repair=true;ts=true;tenure=9;steps=1200;vmin=0.0;vmax=0.02;lmbMin=0.1;lmbMax=10000;up=1.2;down=0.9,0,1052,25039,58908.000000,58959.000000,59161.868131,0.429108,0.086501,-51.000000,0.094258,0.351907,stagnation_1000
2025-11-10T20:34:06.949225329Z,ORLIB,mknapcb1,27,GA_MKP,mut=0.0100;repair=true;ts=true;tenure=9;steps=1200;vmin=0.0;vmax=0.02;lmbMin=0.1;lmbMax=10000;up=1.2;down=0.9,0,1562,36929,61409.000000,61538.000000,61696.080880,0.465315,0.209627,-129.000000,0.091779,0.347105,stagnation_1000
2025-11-10T20:34:35.246581084Z,ORLIB,mknapcb1,28,GA_MKP,mut=0.0100;repair=true;ts=true;tenure=9;steps=1200;vmin=0.0;vmax=0.02;lmbMin=0.1;lmbMax=10000;up=1.2;down=0.9,0,1236,30251,61475.000000,61520.000000,61727.455409,0.408984,0.073147,-45.000000,0.084896,0.335851,stagnation_1000
2025-11-10T20:35:22.794639770Z,ORLIB,mknapcb1,29,GA_MKP,mut=0.0100;repair=true;ts=true;tenure=9;steps=1200;vmin=0.0;vmax=0.02;lmbMin=0.1;lmbMax=10000;up=1.2;down=0.9,0,1701,43059,59408.000000,59453.000000,59618.006304,0.352253,0.075690,-45.000000,0.080008,0.323852,stagnation_1000
2025-11-10T20:35:40.395546716Z,ORLIB,mknapcb1,30,GA_MKP,mut=0.0100;repair=true;ts=true;tenure=9;steps=1200;vmin=0.0;vmax=0.02;lmbMin=0.1;lmbMax=10000;up=1.2;down=0.9,0,1079,26340,59955.000000,59965.000000,60242.912600,0.477919,0.016676,-10.000000,0.086281,0.334463,stagnation_1000
2025-11-10T20:53:38.292699059Z,ORLIB,mknapcb1,1,ISGA_MKP,mut=0.0100;repair=true;alpha=0.35;kMale=6;tournF=3;tournM=2;ts=false,0,2027,76335,24178.000000,24381.000000,24585.902722,1.659092,0.832616,-203.000000,0.279752,0.624989,stagnation_1000
2025-11-10T20:54:13.802954058Z,ORLIB,mknapcb1,1,ISGA_MKP,mut=0.0100;repair=true;alpha=0.35;kMale=6;tournF=3;tournM=2;ts=true;tenure=9;steps=1200;vmin=0.0;vmax=0.02;lmbMin=0.1;lmbMax=10000;up=1.2;down=0.9,0,1040,48786,24149.000000,24381.000000,24585.902722,1.777046,0.951561,-232.000000,0.233627,0.552446,stagnation_1000
2025-11-10T20:54:23.867019293Z,ORLIB,mknapcb1,2,ISGA_MKP,mut=0.0100;repair=true;alpha=0.35;kMale=6;tournF=3;tournM=2;ts=false,0,1056,49620,24225.000000,24274.000000,24538.208990,1.276413,0.201862,-49.000000,0.283530,0.634221,stagnation_1000
2025-11-10T20:55:02.534392822Z,ORLIB,mknapcb1,2,ISGA_MKP,mut=0.0100;repair=true;alpha=0.35;kMale=6;tournF=3;tournM=2;ts=true;tenure=9;steps=1200;vmin=0.0;vmax=0.02;lmbMin=0.1;lmbMax=10000;up=1.2;down=0.9,0,1014,52352,24225.000000,24274.000000,24538.208990,1.276413,0.201862,-49.000000,0.268664,0.623382,stagnation_1000
2025-11-10T20:55:46.584058874Z,ORLIB,mknapcb1,3,ISGA_MKP,mut=0.0100;repair=true;alpha=0.35;kMale=6;tournF=3;tournM=2;ts=false,0,1800,89245,23494.000000,23551.000000,23895.828928,1.681586,0.242028,-57.000000,0.304847,0.674003,stagnation_1000
2025-11-10T20:55:55.887148670Z,ORLIB,mknapcb1,3,ISGA_MKP,mut=0.0100;repair=true;alpha=0.35;kMale=6;tournF=3;tournM=2;ts=true;tenure=9;steps=1200;vmin=0.0;vmax=0.02;lmbMin=0.1;lmbMax=10000;up=1.2;down=0.9,0,1017,57790,23520.000000,23551.000000,23895.828928,1.572780,0.131629,-31.000000,0.291341,0.669303,stagnation_1000
2025-11-10T20:56:40.717508467Z,ORLIB,mknapcb1,4,ISGA_MKP,mut=0.0100;repair=true;alpha=0.35;kMale=6;tournF=3;tournM=2;ts=true;tenure=9;steps=1200;vmin=0.0;vmax=0.02;lmbMin=0.1;lmbMax=10000;up=1.2;down=0.9,0,1056,48446,23434.000000,23534.000000,23724.138568,1.222968,0.424917,-100.000000,0.239049,0.565195,stagnation_1000
2025-11-10T20:57:09.947987210Z,ORLIB,mknapcb1,4,ISGA_MKP,mut=0.0100;repair=true;alpha=0.35;kMale=6;tournF=3;tournM=2;ts=false,0,2414,90305,23156.000000,23534.000000,23724.138568,2.394770,1.606187,-378.000000,0.238442,0.549599,stagnation_1000
2025-11-10T20:57:41.713990912Z,ORLIB,mknapcb1,5,ISGA_MKP,mut=0.0100;repair=true;alpha=0.35;kMale=6;tournF=3;tournM=2;ts=true;tenure=9;steps=1200;vmin=0.0;vmax=0.02;lmbMin=0.1;lmbMax=10000;up=1.2;down=0.9,0,1293,66192,23939.000000,23991.000000,24223.030317,1.172563,0.216748,-52.000000,0.271968,0.630444,stagnation_1000
2025-11-10T20:57:50.352374388Z,ORLIB,mknapcb1,5,ISGA_MKP,mut=0.0100;repair=true;alpha=0.35;kMale=6;tournF=3;tournM=2;ts=false,0,1019,44098,23814.000000,23991.000000,24223.030317,1.688601,0.737777,-177.000000,0.270848,0.608874,stagnation_1000
2025-11-10T20:58:30.370755725Z,ORLIB,mknapcb1,6,ISGA_MKP,mut=0.0100;repair=true;alpha=0.35;kMale=6;tournF=3;tournM=2;ts=true;tenure=9;steps=1200;vmin=0.0;vmax=0.02;lmbMin=0.1;lmbMax=10000;up=1.2;down=0.9,0,1010,53511,24435.000000,24613.000000,24884.237046,1.805308,0.723195,-178.000000,0.264117,0.610685,stagnation_1000
2025-11-10T20:58:37.657122048Z,ORLIB,mknapcb1,6,ISGA_MKP,mut=0.0100;repair=true;alpha=0.35;kMale=6;tournF=3;tournM=2;ts=false,0,1022,51646,24411.000000,24613.000000,24884.237046,1.901754,0.820705,-202.000000,0.302601,0.669950,stagnation_1000
2025-11-10T20:59:18.509395120Z,ORLIB,mknapcb1,7,ISGA_MKP,mut=0.0100;repair=true;alpha=0.35;kMale=6;tournF=3;tournM=2;ts=true;tenure=9;steps=1200;vmin=0.0;vmax=0.02;lmbMin=0.1;lmbMax=10000;up=1.2;down=0.9,0,1031,52495,25313.000000,25591.000000,25793.401838,1.862499,1.086319,-278.000000,0.244652,0.574493,stagnation_1000
2025-11-10T20:59:20.776414820Z,ORLIB,mknapcb1,7,ISGA_MKP,mut=0.0100;repair=true;alpha=0.35;kMale=6;tournF=3;tournM=2;ts=false,0,1020,47487,25521.000000,25591.000000,25793.401838,1.056091,0.273534,-70.000000,0.270219,0.607261,stagnation_1000
2025-11-10T21:00:06.804619891Z,ORLIB,mknapcb1,8,ISGA_MKP,mut=0.0100;repair=true;alpha=0.35;kMale=6;tournF=3;tournM=2;ts=false,0,1039,50389,23291.000000,23410.000000,23657.882201,1.550782,0.508330,-119.000000,0.284683,0.635986,stagnation_1000
2025-11-10T21:00:10.275854436Z,ORLIB,mknapcb1,8,ISGA_MKP,mut=0.0100;repair=true;alpha=0.35;kMale=6;tournF=3;tournM=2;ts=true;tenure=9;steps=1200;vmin=0.0;vmax=0.02;lmbMin=0.1;lmbMax=10000;up=1.2;down=0.9,0,1040,57118,23305.000000,23410.000000,23657.882201,1.491605,0.448526,-105.000000,0.269064,0.625150,stagnation_1000
2025-11-10T21:00:49.245831322Z,ORLIB,mknapcb1,9,ISGA_MKP,mut=0.0100;repair=true;alpha=0.35;kMale=6;tournF=3;tournM=2;ts=false,0,1070,46296,24004.000000,24216.000000,24445.615445,1.806522,0.875454,-212.000000,0.261105,0.590802,stagnation_1000
2025-11-10T21:01:14.165224728Z,ORLIB,mknapcb1,9,ISGA_MKP,mut=0.0100;repair=true;alpha=0.35;kMale=6;tournF=3;tournM=2;ts=true;tenure=9;steps=1200;vmin=0.0;vmax=0.02;lmbMin=0.1;lmbMax=10000;up=1.2;down=0.9,0,1435,69731,24105.000000,24216.000000,24445.615445,1.393360,0.458375,-111.000000,0.254943,0.594554,stagnation_1000
2025-11-10T21:01:33.783110151Z,ORLIB,mknapcb1,10,ISGA_MKP,mut=0.0100;repair=true;alpha=0.35;kMale=6;tournF=3;tournM=2;ts=false,0,1015,48911,24264.000000,24411.000000,24635.691889,1.508754,0.602188,-147.000000,0.311780,0.687541,stagnation_1000
2025-11-10T21:02:12.716925107Z,ORLIB,mknapcb1,10,ISGA_MKP,mut=0.0100;repair=true;alpha=0.35;kMale=6;tournF=3;tournM=2;ts=true;tenure=9;steps=1200;vmin=0.0;vmax=0.02;lmbMin=0.1;lmbMax=10000;up=1.2;down=0.9,0,1292,64414,24195.000000,24411.000000,24635.691889,1.788835,0.884847,-216.000000,0.270837,0.631284,stagnation_1000
2025-11-10T21:02:20.134388878Z,ORLIB,mknapcb1,11,ISGA_MKP,mut=0.0100;repair=true;alpha=0.35;kMale=6;tournF=3;tournM=2;ts=false,0,1197,51224,42577.000000,42757.000000,42939.522302,0.844263,0.420984,-180.000000,0.186140,0.441662,stagnation_1000
2025-11-10T21:02:59.577284683Z,ORLIB,mknapcb1,12,ISGA_MKP,mut=0.0100;repair=true;alpha=0.35;kMale=6;tournF=3;tournM=2;ts=false,0,1020,42796,42022.000000,42545.000000,42706.702095,1.603266,1.229287,-523.000000,0.180978,0.432606,stagnation_1000
2025-11-10T21:03:39.466142614Z,ORLIB,mknapcb1,13,ISGA_MKP,mut=0.0100;repair=true;alpha=0.35;kMale=6;tournF=3;tournM=2;ts=false,0,1289,43748,41744.000000,41968.000000,42165.187168,0.998898,0.533740,-224.000000,0.134909,0.342594,stagnation_1000
2025-11-10T21:04:22.412360722Z,ORLIB,mknapcb1,11,ISGA_MKP,mut=0.0100;repair=true;alpha=0.35;kMale=6;tournF=3;tournM=2;ts=true;tenure=9;steps=1200;vmin=0.0;vmax=0.02;lmbMin=0.1;lmbMax=10000;up=1.2;down=0.9,0,2558,142574,42614.000000,42757.000000,42939.522302,0.758095,0.334448,-143.000000,0.168956,0.420920,stagnation_1000
2025-11-10T21:04:22.957877963Z,ORLIB,mknapcb1,14,ISGA_MKP,mut=0.0100;repair=true;alpha=0.35;kMale=6;tournF=3;tournM=2;ts=false,0,1022,47847,45008.000000,45090.000000,45347.074057,0.747731,0.181859,-82.000000,0.182371,0.433990,stagnation_1000
2025-11-10T21:05:06.997515169Z,ORLIB,mknapcb1,15,ISGA_MKP,mut=0.0100;repair=true;alpha=0.35;kMale=6;tournF=3;tournM=2;ts=false,0,1019,48339,42003.000000,42218.000000,42434.122537,1.015981,0.509261,-215.000000,0.186261,0.441514,stagnation_1000
2025-11-10T21:05:46.454843377Z,ORLIB,mknapcb1,12,ISGA_MKP,mut=0.0100;repair=true;alpha=0.35;kMale=6;tournF=3;tournM=2;ts=true;tenure=9;steps=1200;vmin=0.0;vmax=0.02;lmbMin=0.1;lmbMax=10000;up=1.2;down=0.9,0,1611,92389,42444.000000,42545.000000,42706.702095,0.615131,0.237396,-101.000000,0.166091,0.414112,stagnation_1000
2025-11-10T21:05:51.976389923Z,ORLIB,mknapcb1,16,ISGA_MKP,mut=0.0100;repair=true;alpha=0.35;kMale=6;tournF=3;tournM=2;ts=false,0,1030,49328,42764.000000,42927.000000,43082.231019,0.738660,0.379714,-163.000000,0.177616,0.425617,stagnation_1000
2025-11-10T21:06:39.317033786Z,ORLIB,mknapcb1,17,ISGA_MKP,mut=0.0100;repair=true;alpha=0.35;kMale=6;tournF=3;tournM=2;ts=false,0,1120,51694,41760.000000,42009.000000,42190.597806,1.020601,0.592730,-249.000000,0.171258,0.415036,stagnation_1000
2025-11-10T21:06:39.795423401Z,ORLIB,mknapcb1,13,ISGA_MKP,mut=0.0100;repair=true;alpha=0.35;kMale=6;tournF=3;tournM=2;ts=true;tenure=9;steps=1200;vmin=0.0;vmax=0.02;lmbMin=0.1;lmbMax=10000;up=1.2;down=0.9,0,1053,58186,41790.000000,41968.000000,42165.187168,0.889803,0.424133,-178.000000,0.147442,0.377247,stagnation_1000
2025-11-10T21:07:25.742823927Z,ORLIB,mknapcb1,18,ISGA_MKP,mut=0.0100;repair=true;alpha=0.35;kMale=6;tournF=3;tournM=2;ts=false,0,1100,51257,44767.000000,45020.000000,45265.473430,1.101222,0.561972,-253.000000,0.169834,0.411861,stagnation_1000
2025-11-10T21:07:34.742219988Z,ORLIB,mknapcb1,14,ISGA_MKP,mut=0.0100;repair=true;alpha=0.35;kMale=6;tournF=3;tournM=2;ts=true;tenure=9;steps=1200;vmin=0.0;vmax=0.02;lmbMin=0.1;lmbMax=10000;up=1.2;down=0.9,0,1035,60265,45018.000000,45090.000000,45347.074057,0.725679,0.159681,-72.000000,0.159398,0.400133,stagnation_1000
2025-11-10T21:08:04.082987242Z,ORLIB,mknapcb1,19,ISGA_MKP,mut=0.0100;repair=true;alpha=0.35;kMale=6;tournF=3;tournM=2;ts=false,0,1046,41671,42975.000000,43441.000000,43567.491237,1.359939,1.072719,-466.000000,0.169536,0.409775,stagnation_1000
2025-11-10T21:08:29.057351120Z,ORLIB,mknapcb1,15,ISGA_MKP,mut=0.0100;repair=true;alpha=0.35;kMale=6;tournF=3;tournM=2;ts=true;tenure=9;steps=1200;vmin=0.0;vmax=0.02;lmbMin=0.1;lmbMax=10000;up=1.2;down=0.9,0,1087,59676,42118.000000,42218.000000,42434.122537,0.744972,0.236866,-100.000000,0.173147,0.430348,stagnation_1000
2025-11-10T21:08:50.265749578Z,ORLIB,mknapcb1,20,ISGA_MKP,mut=0.0100;repair=true;alpha=0.35;kMale=6;tournF=3;tournM=2;ts=false,0,1181,51036,44424.000000,44554.000000,44796.625645,0.831816,0.291781,-130.000000,0.176262,0.423454,stagnation_1000
2025-11-10T21:09:21.282035445Z,ORLIB,mknapcb1,16,ISGA_MKP,mut=0.0100;repair=true;alpha=0.35;kMale=6;tournF=3;tournM=2;ts=true;tenure=9;steps=1200;vmin=0.0;vmax=0.02;lmbMin=0.1;lmbMax=10000;up=1.2;down=0.9,0,1078,57582,42754.000000,42927.000000,43082.231019,0.761871,0.403010,-173.000000,0.163692,0.416483,stagnation_1000
2025-11-10T21:09:22.479228090Z,ORLIB,mknapcb1,21,ISGA_MKP,mut=0.0100;repair=true;alpha=0.35;kMale=6;tournF=3;tournM=2;ts=false,0,1069,35053,59707.000000,59822.000000,60016.555161,0.515783,0.192237,-115.000000,0.096390,0.264113,stagnation_1000
2025-11-10T21:09:50.163006148Z,ORLIB,mknapcb1,22,ISGA_MKP,mut=0.0100;repair=true;alpha=0.35;kMale=6;tournF=3;tournM=2;ts=false,0,1148,30019,61888.000000,62081.000000,62228.221156,0.546731,0.310884,-193.000000,0.065305,0.200663,stagnation_1000
2025-11-10T21:10:17.397241266Z,ORLIB,mknapcb1,17,ISGA_MKP,mut=0.0100;repair=true;alpha=0.35;kMale=6;tournF=3;tournM=2;ts=true;tenure=9;steps=1200;vmin=0.0;vmax=0.02;lmbMin=0.1;lmbMax=10000;up=1.2;down=0.9,0,1174,61461,41876.000000,42009.000000,42190.597806,0.745659,0.316599,-133.000000,0.157680,0.407922,stagnation_1000
2025-11-10T21:10:29.417079109Z,ORLIB,mknapcb1,23,ISGA_MKP,mut=0.0100;repair=true;alpha=0.35;kMale=6;tournF=3;tournM=2;ts=false,0,1508,43082,59645.000000,59802.000000,59963.295743,0.530818,0.262533,-157.000000,0.076217,0.223233,stagnation_1000
2025-11-10T21:11:27.737375784Z,ORLIB,mknapcb1,24,ISGA_MKP,mut=0.0100;repair=true;alpha=0.35;kMale=6;tournF=3;tournM=2;ts=false,0,1923,55864,60331.000000,60479.000000,60644.210021,0.516471,0.244713,-148.000000,0.082329,0.240327,stagnation_1000
2025-11-10T21:11:53.048693957Z,ORLIB,mknapcb1,18,ISGA_MKP,mut=0.0100;repair=true;alpha=0.35;kMale=6;tournF=3;tournM=2;ts=true;tenure=9;steps=1200;vmin=0.0;vmax=0.02;lmbMin=0.1;lmbMax=10000;up=1.2;down=0.9,0,1865,105008,44758.000000,45020.000000,45265.473430,1.121105,0.581964,-262.000000,0.176248,0.439497,stagnation_1000
2025-11-10T21:12:01.138287660Z,ORLIB,mknapcb1,25,ISGA_MKP,mut=0.0100;repair=true;alpha=0.35;kMale=6;tournF=3;tournM=2;ts=false,0,1334,45059,60763.000000,61091.000000,61338.959182,0.938978,0.536904,-328.000000,0.088659,0.248526,stagnation_1000
2025-11-10T21:12:31.695777685Z,ORLIB,mknapcb1,26,ISGA_MKP,mut=0.0100;repair=true;alpha=0.35;kMale=6;tournF=3;tournM=2;ts=false,0,1035,33403,58585.000000,58959.000000,59161.868131,0.975067,0.634339,-374.000000,0.080549,0.232010,stagnation_1000
2025-11-10T21:13:01.131497594Z,ORLIB,mknapcb1,27,ISGA_MKP,mut=0.0100;repair=true;alpha=0.35;kMale=6;tournF=3;tournM=2;ts=false,0,1060,32148,61366.000000,61538.000000,61696.080880,0.535011,0.279502,-172.000000,0.068840,0.209004,stagnation_1000
2025-11-10T21:13:15.961605429Z,ORLIB,mknapcb1,19,ISGA_MKP,mut=0.0100;repair=true;alpha=0.35;kMale=6;tournF=3;tournM=2;ts=true;tenure=9;steps=1200;vmin=0.0;vmax=0.02;lmbMin=0.1;lmbMax=10000;up=1.2;down=0.9,0,1546,91241,43310.000000,43441.000000,43567.491237,0.591017,0.301558,-131.000000,0.155543,0.395418,stagnation_1000
2025-11-10T21:13:39.771799870Z,ORLIB,mknapcb1,28,ISGA_MKP,mut=0.0100;repair=true;alpha=0.35;kMale=6;tournF=3;tournM=2;ts=false,0,1178,41946,61327.000000,61520.000000,61727.455409,0.648748,0.313719,-193.000000,0.091345,0.254437,stagnation_1000
2025-11-10T21:14:23.029885637Z,ORLIB,mknapcb1,20,ISGA_MKP,mut=0.0100;repair=true;alpha=0.35;kMale=6;tournF=3;tournM=2;ts=true;tenure=9;steps=1200;vmin=0.0;vmax=0.02;lmbMin=0.1;lmbMax=10000;up=1.2;down=0.9,0,1034,65599,44458.000000,44554.000000,44796.625645,0.755918,0.215469,-96.000000,0.166857,0.417080,stagnation_1000
2025-11-10T21:14:24.756228129Z,ORLIB,mknapcb1,29,ISGA_MKP,mut=0.0100;repair=true;alpha=0.35;kMale=6;tournF=3;tournM=2;ts=false,0,1258,41520,59287.000000,59453.000000,59618.006304,0.555212,0.279212,-166.000000,0.071176,0.213375,stagnation_1000
2025-11-10T21:14:50.380947719Z,ORLIB,mknapcb1,30,ISGA_MKP,mut=0.0100;repair=true;alpha=0.35;kMale=6;tournF=3;tournM=2;ts=false,0,1065,35651,59843.000000,59965.000000,60242.912600,0.663833,0.203452,-122.000000,0.090170,0.253125,stagnation_1000
2025-11-10T21:16:20.662372110Z,ORLIB,mknapcb1,21,ISGA_MKP,mut=0.0100;repair=true;alpha=0.35;kMale=6;tournF=3;tournM=2;ts=true;tenure=9;steps=1200;vmin=0.0;vmax=0.02;lmbMin=0.1;lmbMax=10000;up=1.2;down=0.9,0,2682,136627,59799.000000,59822.000000,60016.555161,0.362492,0.038447,-23.000000,0.089940,0.262086,stagnation_1000
2025-11-10T21:17:06.377873207Z,ORLIB,mknapcb1,22,ISGA_MKP,mut=0.0100;repair=true;alpha=0.35;kMale=6;tournF=3;tournM=2;ts=true;tenure=9;steps=1200;vmin=0.0;vmax=0.02;lmbMin=0.1;lmbMax=10000;up=1.2;down=0.9,0,1076,50477,61928.000000,62081.000000,62228.221156,0.482452,0.246452,-153.000000,0.072749,0.221597,stagnation_1000
2025-11-10T21:18:21.247268297Z,ORLIB,mknapcb1,23,ISGA_MKP,mut=0.0100;repair=true;alpha=0.35;kMale=6;tournF=3;tournM=2;ts=true;tenure=9;steps=1200;vmin=0.0;vmax=0.02;lmbMin=0.1;lmbMax=10000;up=1.2;down=0.9,0,1781,82217,59669.000000,59802.000000,59963.295743,0.490793,0.222401,-133.000000,0.074238,0.231696,stagnation_1000
2025-11-10T21:19:14.821116090Z,ORLIB,mknapcb1,24,ISGA_MKP,mut=0.0100;repair=true;alpha=0.35;kMale=6;tournF=3;tournM=2;ts=true;tenure=9;steps=1200;vmin=0.0;vmax=0.02;lmbMin=0.1;lmbMax=10000;up=1.2;down=0.9,0,1287,58407,60352.000000,60479.000000,60644.210021,0.481843,0.209990,-127.000000,0.095886,0.282407,stagnation_1000
2025-11-10T21:20:37.515338973Z,ORLIB,mknapcb1,25,ISGA_MKP,mut=0.0100;repair=true;alpha=0.35;kMale=6;tournF=3;tournM=2;ts=true;tenure=9;steps=1200;vmin=0.0;vmax=0.02;lmbMin=0.1;lmbMax=10000;up=1.2;down=0.9,0,2111,91052,61029.000000,61091.000000,61338.959182,0.505322,0.101488,-62.000000,0.069483,0.215340,stagnation_1000
2025-11-10T21:21:26.616014575Z,ORLIB,mknapcb1,26,ISGA_MKP,mut=0.0100;repair=true;alpha=0.35;kMale=6;tournF=3;tournM=2;ts=true;tenure=9;steps=1200;vmin=0.0;vmax=0.02;lmbMin=0.1;lmbMax=10000;up=1.2;down=0.9,0,1055,45156,58795.000000,58959.000000,59161.868131,0.620109,0.278159,-164.000000,0.077313,0.233181,stagnation_1000
2025-11-10T21:21:57.455986326Z,ORLIB,mknapcb1,27,ISGA_MKP,mut=0.0100;repair=true;alpha=0.35;kMale=6;tournF=3;tournM=2;ts=true;tenure=9;steps=1200;vmin=0.0;vmax=0.02;lmbMin=0.1;lmbMax=10000;up=1.2;down=0.9,0,1026,42495,61366.000000,61538.000000,61696.080880,0.535011,0.279502,-172.000000,0.065932,0.206075,stagnation_1000
2025-11-10T21:22:48.546770973Z,ORLIB,mknapcb1,28,ISGA_MKP,mut=0.0100;repair=true;alpha=0.35;kMale=6;tournF=3;tournM=2;ts=true;tenure=9;steps=1200;vmin=0.0;vmax=0.02;lmbMin=0.1;lmbMax=10000;up=1.2;down=0.9,0,1312,55940,61475.000000,61520.000000,61727.455409,0.408984,0.073147,-45.000000,0.071838,0.220606,stagnation_1000
2025-11-10T21:23:39.829250567Z,ORLIB,mknapcb1,29,ISGA_MKP,mut=0.0100;repair=true;alpha=0.35;kMale=6;tournF=3;tournM=2;ts=true;tenure=9;steps=1200;vmin=0.0;vmax=0.02;lmbMin=0.1;lmbMax=10000;up=1.2;down=0.9,0,1278,56136,59363.000000,59453.000000,59618.006304,0.427734,0.151380,-90.000000,0.079634,0.236987,stagnation_1000
2025-11-10T21:24:32.378690487Z,ORLIB,mknapcb1,30,ISGA_MKP,mut=0.0100;repair=true;alpha=0.35;kMale=6;tournF=3;tournM=2;ts=true;tenure=9;steps=1200;vmin=0.0;vmax=0.02;lmbMin=0.1;lmbMax=10000;up=1.2;down=0.9,0,1347,57911,59898.000000,59965.000000,60242.912600,0.572536,0.111732,-67.000000,0.077759,0.235758,stagnation_1000
2025-11-10T22:03:03.544197182Z,ORLIB,mknapcb2,1,GA_MKP,mut=0.0040;repair=true;ts=true;tenure=9;steps=1200;vmin=0.0;vmax=0.02;lmbMin=0.1;lmbMax=10000;up=1.2;down=0.9,0,2692,294292,58803.000000,59312.000000,59442.470293,1.075780,0.858174,-509.000000,0.074505,0.273535,stagnation_2500
2025-11-10T22:04:41.960061856Z,ORLIB,mknapcb2,21,GA_MKP,mut=0.0040;repair=true;ts=false,0,5947,453849,151583.000000,149659.000000,149765.673130,-1.213447,-1.285589,1924.000000,0.048020,0.177988,stagnation_2500
2025-11-10T22:05:52.880267143Z,ORLIB,mknapcb2,21,GA_MKP,mut=0.0040;repair=true;ts=true;tenure=9;steps=1200;vmin=0.0;vmax=0.02;lmbMin=0.1;lmbMax=10000;up=1.2;down=0.9,0,2683,447294,151411.000000,149659.000000,149765.673130,-1.098601,-1.170661,1752.000000,0.033905,0.162176,stagnation_2500
2025-11-10T22:08:45.851522522Z,ORLIB,mknapcb2,22,GA_MKP,mut=0.0040;repair=true;ts=false,0,2860,267653,148398.000000,155940.000000,156084.269420,4.924436,4.836476,-7542.000000,0.052419,0.187630,stagnation_2500
2025-11-10T22:10:46.966617726Z,ORLIB,mknapcb2,1,GA_MKP,mut=0.0040;repair=true;ts=false,0,5419,914507,58447.000000,59312.000000,59442.470293,1.674679,1.458390,-865.000000,0.174672,0.445214,stagnation_2500
2025-11-10T22:11:01.953449184Z,ORLIB,mknapcb2,11,GA_MKP,mut=0.0040;repair=true;ts=true;tenure=9;steps=1200;vmin=0.0;vmax=0.02;lmbMin=0.1;lmbMax=10000;up=1.2;down=0.9,0,5175,807474,110482.000000,109109.000000,109220.639650,-1.154874,-1.258375,1373.000000,0.042956,0.190977,stagnation_2500
2025-11-10T22:11:06.715165061Z,ORLIB,mknapcb2,11,GA_MKP,mut=0.0040;repair=true;ts=false,0,5646,895199,110370.000000,109109.000000,109220.639650,-1.052329,-1.155725,1261.000000,0.094172,0.274283,stagnation_2500
2025-11-10T22:11:34.228584987Z,ORLIB,mknapcb2,2,GA_MKP,mut=0.0040;repair=true;ts=true;tenure=9;steps=1200;vmin=0.0;vmax=0.02;lmbMin=0.1;lmbMax=10000;up=1.2;down=0.9,0,4016,561451,58096.000000,61472.000000,61629.336004,5.733205,5.491931,-3376.000000,0.095334,0.315727,stagnation_2500
2025-11-10T22:14:34.447052095Z,ORLIB,mknapcb2,23,GA_MKP,mut=0.0040;repair=true;ts=false,0,3715,383368,151370.000000,149316.000000,149433.902300,-1.295621,-1.375606,2054.000000,0.053637,0.189521,stagnation_2500
2025-11-10T22:19:00.238951772Z,ORLIB,mknapcb2,2,GA_MKP,mut=0.0040;repair=true;ts=false,0,2783,542427,58020.000000,61472.000000,61629.336004,5.856523,5.615565,-3452.000000,0.167736,0.432104,stagnation_2500
2025-11-10T22:21:20.811303360Z,ORLIB,mknapcb2,12,GA_MKP,mut=0.0040;repair=true;ts=false,0,3568,668181,108010.000000,109841.000000,109960.339850,1.773676,1.666955,-1831.000000,0.097518,0.282053,stagnation_2500
2025-11-10T22:21:57.066755860Z,ORLIB,mknapcb2,3,GA_MKP,mut=0.0040;repair=true;ts=true;tenure=9;steps=1200;vmin=0.0;vmax=0.02;lmbMin=0.1;lmbMax=10000;up=1.2;down=0.9,0,4200,682028,57139.000000,62130.000000,62259.544637,8.224513,8.033156,-4991.000000,0.109433,0.343701,stagnation_2500
2025-11-10T22:23:41.903724378Z,ORLIB,mknapcb2,24,GA_MKP,mut=0.0040;repair=true;ts=false,0,6410,596841,151053.000000,152130.000000,152244.813580,0.782827,0.707947,-1077.000000,0.044315,0.172794,stagnation_2500
2025-11-10T22:26:00.113689165Z,ORLIB,mknapcb2,12,GA_MKP,mut=0.0040;repair=true;ts=true;tenure=9;steps=1200;vmin=0.0;vmax=0.02;lmbMin=0.1;lmbMax=10000;up=1.2;down=0.9,0,5484,982595,108338.000000,109841.000000,109960.339850,1.475386,1.368342,-1503.000000,0.043852,0.187873,stagnation_2500
2025-11-10T22:26:52.054173711Z,ORLIB,mknapcb2,4,GA_MKP,mut=0.0040;repair=true;ts=true;tenure=9;steps=1200;vmin=0.0;vmax=0.02;lmbMin=0.1;lmbMax=10000;up=1.2;down=0.9,0,2590,321991,60493.000000,59446.000000,59578.227593,-1.535414,-1.761262,1047.000000,0.066467,0.268609,stagnation_2500
2025-11-10T22:31:20.682651460Z,ORLIB,mknapcb2,13,GA_MKP,mut=0.0040;repair=true;ts=false,0,3308,661981,108164.000000,108489.000000,108648.756730,0.446169,0.299570,-325.000000,0.097846,0.282229,stagnation_2500
2025-11-10T22:32:01.103764923Z,ORLIB,mknapcb2,25,GA_MKP,mut=0.0040;repair=true;ts=false,0,5863,549025,151618.000000,150353.000000,150469.526410,-0.763260,-0.841353,1265.000000,0.043448,0.171153,stagnation_2500
2025-11-10T22:32:33.854811016Z,ORLIB,mknapcb2,22,GA_MKP,mut=0.0040;repair=true;ts=true;tenure=9;steps=1200;vmin=0.0;vmax=0.02;lmbMin=0.1;lmbMax=10000;up=1.2;down=0.9,0,8324,1755078,148489.000000,155940.000000,156084.269420,4.866134,4.778120,-7451.000000,0.036018,0.166492,stagnation_2500
2025-11-10T22:35:29.362129948Z,ORLIB,mknapcb2,3,GA_MKP,mut=0.0040;repair=true;ts=false,0,4572,1082135,57033.000000,62130.000000,62259.544637,8.394768,8.203766,-5097.000000,0.180440,0.459218,stagnation_2500
2025-11-10T22:35:44.682153144Z,ORLIB,mknapcb2,13,GA_MKP,mut=0.0040;repair=true;ts=true;tenure=9;steps=1200;vmin=0.0;vmax=0.02;lmbMin=0.1;lmbMax=10000;up=1.2;down=0.9,0,3059,642185,108403.000000,108489.000000,108648.756730,0.226194,0.079271,-86.000000,0.041810,0.184251,stagnation_2500
2025-11-10T22:39:04.904640081Z,ORLIB,mknapcb2,26,GA_MKP,mut=0.0040;repair=true;ts=false,0,3637,465421,151832.000000,150045.000000,150132.745680,-1.131835,-1.190976,1787.000000,0.051757,0.184848,stagnation_2500
2025-11-10T22:40:21.152043129Z,ORLIB,mknapcb2,14,GA_MKP,mut=0.0040;repair=true;ts=false,0,2714,593297,109062.000000,109383.000000,109510.791810,0.409815,0.293464,-321.000000,0.087445,0.260705,stagnation_2500
2025-11-10T22:44:09.727130008Z,ORLIB,mknapcb2,5,GA_MKP,mut=0.0040;repair=true;ts=true;tenure=9;steps=1200;vmin=0.0;vmax=0.02;lmbMin=0.1;lmbMax=10000;up=1.2;down=0.9,0,6688,1140992,57850.000000,58951.000000,59078.366431,2.079215,1.867653,-1101.000000,0.069456,0.255201,stagnation_2500
2025-11-10T22:45:19.099547132Z,ORLIB,mknapcb2,27,GA_MKP,mut=0.0040;repair=true;ts=false,0,2992,411146,152887.000000,148607.000000,148697.058410,-2.817770,-2.880080,4280.000000,0.053670,0.187751,stagnation_2500
2025-11-10T22:47:07.024589805Z,ORLIB,mknapcb2,4,GA_MKP,mut=0.0040;repair=true;ts=false,0,2656,765936,60161.000000,59446.000000,59578.227593,-0.978163,-1.202772,715.000000,0.168903,0.433594,stagnation_2500
2025-11-10T22:50:57.566776255Z,ORLIB,mknapcb2,15,GA_MKP,mut=0.0040;repair=true;ts=false,0,2683,699433,107944.000000,110720.000000,110834.243580,2.607717,2.507225,-2776.000000,0.101434,0.289997,stagnation_2500
2025-11-10T22:51:02.536017514Z,ORLIB,mknapcb2,6,GA_MKP,mut=0.0040;repair=true;ts=true;tenure=9;steps=1200;vmin=0.0;vmax=0.02;lmbMin=0.1;lmbMax=10000;up=1.2;down=0.9,0,2632,453277,58088.000000,60056.000000,60238.933739,3.570670,3.276942,-1968.000000,0.061004,0.246954,stagnation_2500
2025-11-10T22:53:58.902941265Z,ORLIB,mknapcb2,28,GA_MKP,mut=0.0040;repair=true;ts=false,0,4586,571186,153140.000000,149772.000000,149906.635260,-2.156919,-2.248751,3368.000000,0.048955,0.181983,stagnation_2500
2025-11-10T22:56:02.028411873Z,ORLIB,mknapcb2,23,GA_MKP,mut=0.0040;repair=true;ts=true;tenure=9;steps=1200;vmin=0.0;vmax=0.02;lmbMin=0.1;lmbMax=10000;up=1.2;down=0.9,0,5697,1548339,151548.000000,149316.000000,149433.902300,-1.414738,-1.494816,2232.000000,0.033364,0.159169,stagnation_2500
2025-11-10T22:59:48.870775632Z,ORLIB,mknapcb2,5,GA_MKP,mut=0.0040;repair=true;ts=false,0,3033,837364,57422.000000,58951.000000,59078.366431,2.803677,2.593679,-1529.000000,0.165158,0.426530,stagnation_2500
2025-11-10T23:01:37.109962787Z,ORLIB,mknapcb2,16,GA_MKP,mut=0.0040;repair=true;ts=false,0,3329,703127,110323.000000,110256.000000,110366.838780,0.039721,-0.060768,67.000000,0.080305,0.250370,stagnation_2500
2025-11-10T23:02:28.256525728Z,ORLIB,mknapcb2,29,GA_MKP,mut=0.0040;repair=true;ts=false,0,3900,559147,148920.000000,155075.000000,155209.924370,4.052527,3.969047,-6155.000000,0.052598,0.186491,stagnation_2500
2025-11-10T23:03:01.506928992Z,ORLIB,mknapcb2,14,GA_MKP,mut=0.0040;repair=true;ts=true;tenure=9;steps=1200;vmin=0.0;vmax=0.02;lmbMin=0.1;lmbMax=10000;up=1.2;down=0.9,0,7573,1800010,109671.000000,109383.000000,109510.791810,-0.146294,-0.263295,288.000000,0.040607,0.182517,time_limit
2025-11-10T23:06:54.208023424Z,ORLIB,mknapcb2,30,GA_MKP,mut=0.0040;repair=true;ts=false,0,2664,291933,149036.000000,154662.000000,154818.794300,3.735202,3.637610,-5626.000000,0.048856,0.180673,stagnation_2500
2025-11-10T23:09:15.420781330Z,ORLIB,mknapcb2,6,GA_MKP,mut=0.0040;repair=true;ts=false,0,2641,622528,58105.000000,60056.000000,60238.933739,3.542449,3.248635,-1951.000000,0.172483,0.440133,stagnation_2500
2025-11-10T23:10:36.508168931Z,ORLIB,mknapcb2,17,GA_MKP,mut=0.0040;repair=true;ts=false,0,2863,592549,105312.000000,109016.000000,109152.606550,3.518566,3.397666,-3704.000000,0.093521,0.272966,stagnation_2500
2025-11-10T23:12:13.076712087Z,ORLIB,mknapcb2,7,GA_MKP,mut=0.0040;repair=true;ts=true;tenure=9;steps=1200;vmin=0.0;vmax=0.02;lmbMin=0.1;lmbMax=10000;up=1.2;down=0.9,0,7625,1397057,57962.000000,60414.000000,60525.766833,4.235827,4.058662,-2452.000000,0.094584,0.314312,stagnation_2500
2025-11-10T23:13:51.904023109Z,ORLIB,mknapcb2,15,GA_MKP,mut=0.0040;repair=true;ts=true;tenure=9;steps=1200;vmin=0.0;vmax=0.02;lmbMin=0.1;lmbMax=10000;up=1.2;down=0.9,0,3679,714860,108197.000000,110720.000000,110834.243580,2.379448,2.278721,-2523.000000,0.044249,0.189282,stagnation_2500
2025-11-10T23:17:35.177015080Z,ORLIB,mknapcb2,24,GA_MKP,mut=0.0040;repair=true;ts=true;tenure=9;steps=1200;vmin=0.0;vmax=0.02;lmbMin=0.1;lmbMax=10000;up=1.2;down=0.9,0,6295,1421887,150992.000000,152130.000000,152244.813580,0.822894,0.748044,-1138.000000,0.034978,0.164575,stagnation_2500
2025-11-10T23:19:20.796573023Z,ORLIB,mknapcb2,18,GA_MKP,mut=0.0040;repair=true;ts=false,0,3022,576403,105978.000000,109037.000000,109137.662520,2.895117,2.805470,-3059.000000,0.096920,0.280338,stagnation_2500
2025-11-10T23:20:06.351602186Z,ORLIB,mknapcb2,7,GA_MKP,mut=0.0040;repair=true;ts=false,0,3402,715631,57673.000000,60414.000000,60525.766833,4.713310,4.537028,-2741.000000,0.178157,0.452209,stagnation_2500
2025-11-10T23:23:23.005893280Z,ORLIB,mknapcb2,16,GA_MKP,mut=0.0040;repair=true;ts=true;tenure=9;steps=1200;vmin=0.0;vmax=0.02;lmbMin=0.1;lmbMax=10000;up=1.2;down=0.9,0,3295,627272,110435.000000,110256.000000,110366.838780,-0.061759,-0.162349,179.000000,0.049085,0.196063,stagnation_2500
2025-11-10T23:26:44.698095272Z,ORLIB,mknapcb2,8,GA_MKP,mut=0.0040;repair=true;ts=true;tenure=9;steps=1200;vmin=0.0;vmax=0.02;lmbMin=0.1;lmbMax=10000;up=1.2;down=0.9,0,5815,958261,58404.000000,61472.000000,61638.399573,5.247378,4.990890,-3068.000000,0.114194,0.347598,stagnation_2500
2025-11-10T23:27:39.222705128Z,ORLIB,mknapcb2,8,GA_MKP,mut=0.0040;repair=true;ts=false,0,2551,497954,58390.000000,61472.000000,61638.399573,5.270091,5.013665,-3082.000000,0.167255,0.430538,stagnation_2500
2025-11-10T23:30:01.668849782Z,ORLIB,mknapcb2,17,GA_MKP,mut=0.0040;repair=true;ts=true;tenure=9;steps=1200;vmin=0.0;vmax=0.02;lmbMin=0.1;lmbMax=10000;up=1.2;down=0.9,0,2887,438288,105758.000000,109016.000000,109152.606550,3.109964,2.988552,-3258.000000,0.044540,0.188769,stagnation_2500
2025-11-10T23:31:04.294248784Z,ORLIB,mknapcb2,19,GA_MKP,mut=0.0040;repair=true;ts=false,0,4918,773608,109245.000000,109957.000000,110123.063810,0.797348,0.647526,-712.000000,0.094302,0.274736,stagnation_2500
2025-11-10T23:31:15.223047180Z,ORLIB,mknapcb2,9,GA_MKP,mut=0.0040;repair=true;ts=true;tenure=9;steps=1200;vmin=0.0;vmax=0.02;lmbMin=0.1;lmbMax=10000;up=1.2;down=0.9,0,2616,297292,58728.000000,61885.000000,62032.594706,5.327191,5.101398,-3157.000000,0.116758,0.355858,stagnation_2500
2025-11-10T23:31:27.017390082Z,ORLIB,mknapcb2,25,GA_MKP,mut=0.0040;repair=true;ts=true;tenure=9;steps=1200;vmin=0.0;vmax=0.02;lmbMin=0.1;lmbMax=10000;up=1.2;down=0.9,0,5069,914511,151400.000000,150353.000000,150469.526410,-0.618380,-0.696361,1047.000000,0.036059,0.169192,stagnation_2500
2025-11-10T23:33:26.142190841Z,ORLIB,mknapcb2,9,GA_MKP,mut=0.0040;repair=true;ts=false,0,2545,381264,58384.000000,61885.000000,62032.594706,5.881738,5.657268,-3501.000000,0.184234,0.464642,stagnation_2500
2025-11-10T23:36:14.270394449Z,ORLIB,mknapcb2,10,GA_MKP,mut=0.0040;repair=true;ts=true;tenure=9;steps=1200;vmin=0.0;vmax=0.02;lmbMin=0.1;lmbMax=10000;up=1.2;down=0.9,0,2753,328350,58541.000000,58959.000000,59050.473618,0.862777,0.708967,-418.000000,0.127584,0.378128,stagnation_2500
2025-11-10T23:36:18.799752105Z,ORLIB,mknapcb2,18,GA_MKP,mut=0.0040;repair=true;ts=true;tenure=9;steps=1200;vmin=0.0;vmax=0.02;lmbMin=0.1;lmbMax=10000;up=1.2;down=0.9,0,3258,414475,106107.000000,109037.000000,109137.662520,2.776917,2.687161,-2930.000000,0.039560,0.178383,stagnation_2500
2025-11-10T23:36:19.118392326Z,ORLIB,mknapcb2,20,GA_MKP,mut=0.0040;repair=true;ts=false,0,2736,345672,106191.000000,107038.000000,107162.119830,0.906216,0.791308,-847.000000,0.095341,0.276949,stagnation_2500
2025-11-10T23:37:26.292714269Z,ORLIB,mknapcb2,26,GA_MKP,mut=0.0040;repair=true;ts=true;tenure=9;steps=1200;vmin=0.0;vmax=0.02;lmbMin=0.1;lmbMax=10000;up=1.2;down=0.9,0,2733,395081,151839.000000,150045.000000,150132.745680,-1.136497,-1.195641,1794.000000,0.032311,0.155874,stagnation_2500
2025-11-10T23:40:39.180884589Z,ORLIB,mknapcb2,10,GA_MKP,mut=0.0040;repair=true;ts=false,0,3651,475882,58577.000000,58959.000000,59050.473618,0.801812,0.647908,-382.000000,0.182555,0.461860,stagnation_2500
2025-11-10T23:41:12.678053663Z,ORLIB,mknapcb2,19,GA_MKP,mut=0.0040;repair=true;ts=true;tenure=9;steps=1200;vmin=0.0;vmax=0.02;lmbMin=0.1;lmbMax=10000;up=1.2;down=0.9,0,2905,323234,109520.000000,109957.000000,110123.063810,0.547627,0.397428,-437.000000,0.041026,0.180628,stagnation_2500
2025-11-10T23:49:06.369821331Z,ORLIB,mknapcb2,27,GA_MKP,mut=0.0040;repair=true;ts=true;tenure=9;steps=1200;vmin=0.0;vmax=0.02;lmbMin=0.1;lmbMax=10000;up=1.2;down=0.9,0,6335,769898,152970.000000,148607.000000,148697.058410,-2.873589,-2.935932,4363.000000,0.031187,0.152329,stagnation_2500
2025-11-10T23:49:54.588067601Z,ORLIB,mknapcb2,20,GA_MKP,mut=0.0040;repair=true;ts=true;tenure=9;steps=1200;vmin=0.0;vmax=0.02;lmbMin=0.1;lmbMax=10000;up=1.2;down=0.9,0,5282,573801,106365.000000,107038.000000,107162.119830,0.743845,0.628749,-673.000000,0.058019,0.213074,stagnation_2500
2025-11-10T23:54:08.244244771Z,ORLIB,mknapcb2,28,GA_MKP,mut=0.0040;repair=true;ts=true;tenure=9;steps=1200;vmin=0.0;vmax=0.02;lmbMin=0.1;lmbMax=10000;up=1.2;down=0.9,0,3101,331722,153292.000000,149772.000000,149906.635260,-2.258315,-2.350239,3520.000000,0.034448,0.162975,stagnation_2500
2025-11-10T23:59:16.106922008Z,ORLIB,mknapcb2,29,GA_MKP,mut=0.0040;repair=true;ts=true;tenure=9;steps=1200;vmin=0.0;vmax=0.02;lmbMin=0.1;lmbMax=10000;up=1.2;down=0.9,0,3117,338237,148982.000000,155075.000000,155209.924370,4.012581,3.929067,-6093.000000,0.036079,0.165363,stagnation_2500
2025-11-11T00:04:41.804170878Z,ORLIB,mknapcb2,30,GA_MKP,mut=0.0040;repair=true;ts=true;tenure=9;steps=1200;vmin=0.0;vmax=0.02;lmbMin=0.1;lmbMax=10000;up=1.2;down=0.9,0,3312,357999,149301.000000,154662.000000,154818.794300,3.564034,3.466268,-5361.000000,0.036568,0.167738,stagnation_2500
2025-11-11T01:35:51.249039375Z,ORLIB,mknapcb2,21,ISGA_MKP,mut=0.0040;repair=true;alpha=0.35;kMale=6;tournF=3;tournM=2;ts=false,0,3505,896527,151234.000000,149659.000000,149765.673130,-0.980416,-1.052392,1575.000000,0.064795,0.170725,stagnation_2500
2025-11-11T01:37:19.262467453Z,ORLIB,mknapcb2,21,ISGA_MKP,mut=0.0040;repair=true;alpha=0.35;kMale=6;tournF=3;tournM=2;ts=true;tenure=9;steps=1200;vmin=0.0;vmax=0.02;lmbMin=0.1;lmbMax=10000;up=1.2;down=0.9,0,2567,892791,151202.000000,149659.000000,149765.673130,-0.959049,-1.031010,1543.000000,0.063240,0.173130,stagnation_2500
2025-11-11T01:44:54.143200935Z,ORLIB,mknapcb2,1,ISGA_MKP,mut=0.0040;repair=true;alpha=0.35;kMale=6;tournF=3;tournM=2;ts=false,0,2534,1524975,58277.000000,59312.000000,59442.470293,1.960669,1.745009,-1035.000000,0.260715,0.578093,stagnation_2500
2025-11-11T01:48:28.056745115Z,ORLIB,mknapcb2,22,ISGA_MKP,mut=0.0040;repair=true;alpha=0.35;kMale=6;tournF=3;tournM=2;ts=false,0,3097,832154,147474.000000,155940.000000,156084.269420,5.516424,5.429011,-8466.000000,0.057938,0.155874,stagnation_2500
2025-11-11T01:49:20.994955758Z,ORLIB,mknapcb2,11,ISGA_MKP,mut=0.0040;repair=true;alpha=0.35;kMale=6;tournF=3;tournM=2;ts=false,0,3871,1800152,109570.000000,109109.000000,109220.639650,-0.319867,-0.422513,461.000000,0.130392,0.310845,time_limit
2025-11-11T01:50:46.293034155Z,ORLIB,mknapcb2,1,ISGA_MKP,mut=0.0040;repair=true;alpha=0.35;kMale=6;tournF=3;tournM=2;ts=true;tenure=9;steps=1200;vmin=0.0;vmax=0.02;lmbMin=0.1;lmbMax=10000;up=1.2;down=0.9,0,3224,1800035,58467.000000,59312.000000,59442.470293,1.641033,1.424670,-845.000000,0.246663,0.569030,time_limit
2025-11-11T01:50:54.750755260Z,ORLIB,mknapcb2,11,ISGA_MKP,mut=0.0040;repair=true;alpha=0.35;kMale=6;tournF=3;tournM=2;ts=true;tenure=9;steps=1200;vmin=0.0;vmax=0.02;lmbMin=0.1;lmbMax=10000;up=1.2;down=0.9,0,3839,1800057,110065.000000,109109.000000,109220.639650,-0.773078,-0.876188,956.000000,0.123983,0.314037,time_limit
2025-11-11T01:58:10.945494596Z,ORLIB,mknapcb2,22,ISGA_MKP,mut=0.0040;repair=true;alpha=0.35;kMale=6;tournF=3;tournM=2;ts=true;tenure=9;steps=1200;vmin=0.0;vmax=0.02;lmbMin=0.1;lmbMax=10000;up=1.2;down=0.9,0,4261,1376618,148251.000000,155940.000000,156084.269420,5.018616,4.930743,-7689.000000,0.039493,0.119169,stagnation_2500
2025-11-11T02:10:59.047084531Z,ORLIB,mknapcb2,2,ISGA_MKP,mut=0.0040;repair=true;alpha=0.35;kMale=6;tournF=3;tournM=2;ts=false,0,2582,1720834,58087.000000,61472.000000,61629.336004,5.747808,5.506572,-3385.000000,0.277443,0.612448,stagnation_2500
2025-11-11T02:12:46.915316638Z,ORLIB,mknapcb2,2,ISGA_MKP,mut=0.0040;repair=true;alpha=0.35;kMale=6;tournF=3;tournM=2;ts=true;tenure=9;steps=1200;vmin=0.0;vmax=0.02;lmbMin=0.1;lmbMax=10000;up=1.2;down=0.9,0,2689,1452425,58168.000000,61472.000000,61629.336004,5.616377,5.374805,-3304.000000,0.242946,0.564678,stagnation_2500
2025-11-11T02:15:54.358712348Z,ORLIB,mknapcb2,23,ISGA_MKP,mut=0.0040;repair=true;alpha=0.35;kMale=6;tournF=3;tournM=2;ts=false,0,6637,1800126,151238.000000,149316.000000,149433.902300,-1.207288,-1.287203,1922.000000,0.063560,0.167363,time_limit
2025-11-11T02:16:42.476151827Z,ORLIB,mknapcb2,12,ISGA_MKP,mut=0.0040;repair=true;alpha=0.35;kMale=6;tournF=3;tournM=2;ts=false,0,3169,1800149,108333.000000,109841.000000,109960.339850,1.479933,1.372894,-1508.000000,0.157926,0.368345,time_limit
2025-11-11T02:18:16.790997016Z,ORLIB,mknapcb2,12,ISGA_MKP,mut=0.0040;repair=true;alpha=0.35;kMale=6;tournF=3;tournM=2;ts=true;tenure=9;steps=1200;vmin=0.0;vmax=0.02;lmbMin=0.1;lmbMax=10000;up=1.2;down=0.9,0,3566,1800141,108215.000000,109841.000000,109960.339850,1.587245,1.480322,-1626.000000,0.137196,0.339551,time_limit
2025-11-11T02:20:29.919717539Z,ORLIB,mknapcb2,23,ISGA_MKP,mut=0.0040;repair=true;alpha=0.35;kMale=6;tournF=3;tournM=2;ts=true;tenure=9;steps=1200;vmin=0.0;vmax=0.02;lmbMin=0.1;lmbMax=10000;up=1.2;down=0.9,0,4276,1466884,151494.000000,149316.000000,149433.902300,-1.378601,-1.458651,2178.000000,0.055434,0.156842,stagnation_2500
2025-11-11T02:33:36.193524402Z,ORLIB,mknapcb2,3,ISGA_MKP,mut=0.0040;repair=true;alpha=0.35;kMale=6;tournF=3;tournM=2;ts=true;tenure=9;steps=1200;vmin=0.0;vmax=0.02;lmbMin=0.1;lmbMax=10000;up=1.2;down=0.9,0,2605,1368398,57658.000000,62130.000000,62259.544637,7.390906,7.197811,-4472.000000,0.234377,0.546835,stagnation_2500
2025-11-11T02:34:47.101231098Z,ORLIB,mknapcb2,13,ISGA_MKP,mut=0.0040;repair=true;alpha=0.35;kMale=6;tournF=3;tournM=2;ts=true;tenure=9;steps=1200;vmin=0.0;vmax=0.02;lmbMin=0.1;lmbMax=10000;up=1.2;down=0.9,0,2530,1089218,108216.000000,108489.000000,108648.756730,0.398308,0.251638,-273.000000,0.110945,0.279440,stagnation_2500
2025-11-11T02:37:13.858014714Z,ORLIB,mknapcb2,24,ISGA_MKP,mut=0.0040;repair=true;alpha=0.35;kMale=6;tournF=3;tournM=2;ts=false,0,5763,1412266,150463.000000,152130.000000,152244.813580,1.170361,1.095773,-1667.000000,0.058180,0.156145,stagnation_2500
2025-11-11T02:37:28.160522841Z,ORLIB,mknapcb2,24,ISGA_MKP,mut=0.0040;repair=true;alpha=0.35;kMale=6;tournF=3;tournM=2;ts=true;tenure=9;steps=1200;vmin=0.0;vmax=0.02;lmbMin=0.1;lmbMax=10000;up=1.2;down=0.9,0,3455,1119597,150859.000000,152130.000000,152244.813580,0.910253,0.835470,-1271.000000,0.051386,0.146886,stagnation_2500
2025-11-11T02:38:20.730251603Z,ORLIB,mknapcb2,3,ISGA_MKP,mut=0.0040;repair=true;alpha=0.35;kMale=6;tournF=3;tournM=2;ts=false,0,2660,1800194,57340.000000,62130.000000,62259.544637,7.901671,7.709641,-4790.000000,0.282633,0.623804,time_limit
2025-11-11T02:43:59.695815422Z,ORLIB,mknapcb2,13,ISGA_MKP,mut=0.0040;repair=true;alpha=0.35;kMale=6;tournF=3;tournM=2;ts=false,0,3148,1800146,107940.000000,108489.000000,108648.756730,0.652338,0.506042,-549.000000,0.173705,0.398942,time_limit
2025-11-11T02:52:48.815604888Z,ORLIB,mknapcb2,14,ISGA_MKP,mut=0.0040;repair=true;alpha=0.35;kMale=6;tournF=3;tournM=2;ts=true;tenure=9;steps=1200;vmin=0.0;vmax=0.02;lmbMin=0.1;lmbMax=10000;up=1.2;down=0.9,0,2812,1189629,108980.000000,109383.000000,109510.791810,0.484694,0.368430,-403.000000,0.121238,0.304134,stagnation_2500
2025-11-11T02:54:36.295031805Z,ORLIB,mknapcb2,25,ISGA_MKP,mut=0.0040;repair=true;alpha=0.35;kMale=6;tournF=3;tournM=2;ts=false,0,4780,1146861,151011.000000,150353.000000,150469.526410,-0.359856,-0.437637,658.000000,0.062683,0.165654,stagnation_2500
2025-11-11T02:56:18.742767490Z,ORLIB,mknapcb2,4,ISGA_MKP,mut=0.0040;repair=true;alpha=0.35;kMale=6;tournF=3;tournM=2;ts=true;tenure=9;steps=1200;vmin=0.0;vmax=0.02;lmbMin=0.1;lmbMax=10000;up=1.2;down=0.9,0,2854,1498494,60502.000000,59446.000000,59578.227593,-1.550520,-1.776402,1056.000000,0.254386,0.590685,stagnation_2500
2025-11-11T02:58:26.178367792Z,ORLIB,mknapcb2,25,ISGA_MKP,mut=0.0040;repair=true;alpha=0.35;kMale=6;tournF=3;tournM=2;ts=true;tenure=9;steps=1200;vmin=0.0;vmax=0.02;lmbMin=0.1;lmbMax=10000;up=1.2;down=0.9,0,4401,1383425,151167.000000,150353.000000,150469.526410,-0.463531,-0.541393,814.000000,0.053659,0.152584,stagnation_2500
2025-11-11T03:00:30.539986457Z,ORLIB,mknapcb2,4,ISGA_MKP,mut=0.0040;repair=true;alpha=0.35;kMale=6;tournF=3;tournM=2;ts=false,0,2603,1462240,60204.000000,59446.000000,59578.227593,-1.050337,-1.275107,758.000000,0.257976,0.573342,stagnation_2500
2025-11-11T03:11:11.180894019Z,ORLIB,mknapcb2,26,ISGA_MKP,mut=0.0040;repair=true;alpha=0.35;kMale=6;tournF=3;tournM=2;ts=true;tenure=9;steps=1200;vmin=0.0;vmax=0.02;lmbMin=0.1;lmbMax=10000;up=1.2;down=0.9,0,2524,841322,151618.000000,150045.000000,150132.745680,-0.989294,-1.048352,1573.000000,0.063581,0.173519,stagnation_2500
2025-11-11T03:11:16.182071655Z,ORLIB,mknapcb2,14,ISGA_MKP,mut=0.0040;repair=true;alpha=0.35;kMale=6;tournF=3;tournM=2;ts=false,0,3649,1800007,108919.000000,109383.000000,109510.791810,0.540396,0.424198,-464.000000,0.151217,0.353398,time_limit
2025-11-11T03:16:26.416938829Z,ORLIB,mknapcb2,26,ISGA_MKP,mut=0.0040;repair=true;alpha=0.35;kMale=6;tournF=3;tournM=2;ts=false,0,4946,1440560,151608.000000,150045.000000,150132.745680,-0.982633,-1.041687,1563.000000,0.079125,0.200720,stagnation_2500
2025-11-11T03:17:23.361932599Z,ORLIB,mknapcb2,5,ISGA_MKP,mut=0.0040;repair=true;alpha=0.35;kMale=6;tournF=3;tournM=2;ts=true;tenure=9;steps=1200;vmin=0.0;vmax=0.02;lmbMin=0.1;lmbMax=10000;up=1.2;down=0.9,0,2940,1390579,57194.000000,58951.000000,59078.366431,3.189605,2.980441,-1757.000000,0.235297,0.547296,stagnation_2500
2025-11-11T03:19:19.388478159Z,ORLIB,mknapcb2,15,ISGA_MKP,mut=0.0040;repair=true;alpha=0.35;kMale=6;tournF=3;tournM=2;ts=true;tenure=9;steps=1200;vmin=0.0;vmax=0.02;lmbMin=0.1;lmbMax=10000;up=1.2;down=0.9,0,4201,1749569,107373.000000,110720.000000,110834.243580,3.122901,3.022941,-3347.000000,0.123371,0.314389,stagnation_2500
2025-11-11T03:21:08.776074877Z,ORLIB,mknapcb2,5,ISGA_MKP,mut=0.0040;repair=true;alpha=0.35;kMale=6;tournF=3;tournM=2;ts=false,0,2533,1361690,57140.000000,58951.000000,59078.366431,3.281009,3.072043,-1811.000000,0.253334,0.563054,stagnation_2500
2025-11-11T03:31:35.526750270Z,ORLIB,mknapcb2,27,ISGA_MKP,mut=0.0040;repair=true;alpha=0.35;kMale=6;tournF=3;tournM=2;ts=true;tenure=9;steps=1200;vmin=0.0;vmax=0.02;lmbMin=0.1;lmbMax=10000;up=1.2;down=0.9,0,3991,1346756,152803.000000,148607.000000,148697.058410,-2.761280,-2.823555,4196.000000,0.064865,0.180886,stagnation_2500
2025-11-11T03:35:04.484498133Z,ORLIB,mknapcb2,27,ISGA_MKP,mut=0.0040;repair=true;alpha=0.35;kMale=6;tournF=3;tournM=2;ts=false,0,3917,1229474,152545.000000,148607.000000,148697.058410,-2.587773,-2.649942,3938.000000,0.083133,0.209792,stagnation_2500
2025-11-11T03:38:32.674211374Z,ORLIB,mknapcb2,15,ISGA_MKP,mut=0.0040;repair=true;alpha=0.35;kMale=6;tournF=3;tournM=2;ts=false,0,4091,1800006,107438.000000,110720.000000,110834.243580,3.064255,2.964234,-3282.000000,0.137122,0.323544,time_limit
2025-11-11T03:44:37.143954910Z,ORLIB,mknapcb2,6,ISGA_MKP,mut=0.0040;repair=true;alpha=0.35;kMale=6;tournF=3;tournM=2;ts=true;tenure=9;steps=1200;vmin=0.0;vmax=0.02;lmbMin=0.1;lmbMax=10000;up=1.2;down=0.9,0,4024,1797274,58024.000000,60056.000000,60238.933739,3.676914,3.383509,-2032.000000,0.222101,0.527615,stagnation_2500
2025-11-11T03:44:49.867185902Z,ORLIB,mknapcb2,6,ISGA_MKP,mut=0.0040;repair=true;alpha=0.35;kMale=6;tournF=3;tournM=2;ts=false,0,3014,1563071,57630.000000,60056.000000,60238.933739,4.330976,4.039563,-2426.000000,0.242122,0.540881,stagnation_2500
2025-11-11T03:45:45.858177175Z,ORLIB,mknapcb2,16,ISGA_MKP,mut=0.0040;repair=true;alpha=0.35;kMale=6;tournF=3;tournM=2;ts=true;tenure=9;steps=1200;vmin=0.0;vmax=0.02;lmbMin=0.1;lmbMax=10000;up=1.2;down=0.9,0,4978,1744473,109821.000000,110256.000000,110366.838780,0.494568,0.394536,-435.000000,0.090677,0.235016,stagnation_2500
2025-11-11T03:45:59.701259715Z,ORLIB,mknapcb2,28,ISGA_MKP,mut=0.0040;repair=true;alpha=0.35;kMale=6;tournF=3;tournM=2;ts=true;tenure=9;steps=1200;vmin=0.0;vmax=0.02;lmbMin=0.1;lmbMax=10000;up=1.2;down=0.9,0,2948,950030,152800.000000,149772.000000,149906.635260,-1.930111,-2.021740,3028.000000,0.058902,0.163893,stagnation_2500
2025-11-11T03:53:06.034108352Z,ORLIB,mknapcb2,28,ISGA_MKP,mut=0.0040;repair=true;alpha=0.35;kMale=6;tournF=3;tournM=2;ts=false,0,4518,1189493,152853.000000,149772.000000,149906.635260,-1.965467,-2.057127,3081.000000,0.069179,0.179829,stagnation_2500
2025-11-11T03:57:08.752453913Z,ORLIB,mknapcb2,16,ISGA_MKP,mut=0.0040;repair=true;alpha=0.35;kMale=6;tournF=3;tournM=2;ts=false,0,2649,1227523,109766.000000,110256.000000,110366.838780,0.544402,0.444420,-490.000000,0.140590,0.330901,stagnation_2500
2025-11-11T04:02:37.375957810Z,ORLIB,mknapcb2,29,ISGA_MKP,mut=0.0040;repair=true;alpha=0.35;kMale=6;tournF=3;tournM=2;ts=true;tenure=9;steps=1200;vmin=0.0;vmax=0.02;lmbMin=0.1;lmbMax=10000;up=1.2;down=0.9,0,3225,1097093,148738.000000,155075.000000,155209.924370,4.169788,4.086410,-6337.000000,0.065499,0.179452,stagnation_2500
2025-11-11T04:04:50.526401899Z,ORLIB,mknapcb2,29,ISGA_MKP,mut=0.0040;repair=true;alpha=0.35;kMale=6;tournF=3;tournM=2;ts=false,0,2731,774866,148365.000000,155075.000000,155209.924370,4.410107,4.326939,-6710.000000,0.071956,0.186349,stagnation_2500
2025-11-11T04:07:06.596724398Z,ORLIB,mknapcb2,7,ISGA_MKP,mut=0.0040;repair=true;alpha=0.35;kMale=6;tournF=3;tournM=2;ts=false,0,2730,1470190,57591.000000,60414.000000,60525.766833,4.848789,4.672758,-2823.000000,0.253890,0.565437,stagnation_2500
2025-11-11T04:11:05.747123178Z,ORLIB,mknapcb2,7,ISGA_MKP,mut=0.0040;repair=true;alpha=0.35;kMale=6;tournF=3;tournM=2;ts=true;tenure=9;steps=1200;vmin=0.0;vmax=0.02;lmbMin=0.1;lmbMax=10000;up=1.2;down=0.9,0,3752,1747096,57520.000000,60414.000000,60525.766833,4.966095,4.790280,-2894.000000,0.233069,0.551643,stagnation_2500
2025-11-11T04:12:50.047613244Z,ORLIB,mknapcb2,17,ISGA_MKP,mut=0.0040;repair=true;alpha=0.35;kMale=6;tournF=3;tournM=2;ts=true;tenure=9;steps=1200;vmin=0.0;vmax=0.02;lmbMin=0.1;lmbMax=10000;up=1.2;down=0.9,0,4219,1779731,105497.000000,109016.000000,109152.606550,3.349079,3.227967,-3519.000000,0.117286,0.293484,stagnation_2500
2025-11-11T04:15:31.603895752Z,ORLIB,mknapcb2,30,ISGA_MKP,mut=0.0040;repair=true;alpha=0.35;kMale=6;tournF=3;tournM=2;ts=true;tenure=9;steps=1200;vmin=0.0;vmax=0.02;lmbMin=0.1;lmbMax=10000;up=1.2;down=0.9,0,3063,851570,149194.000000,154662.000000,154818.794300,3.633147,3.535452,-5468.000000,0.038142,0.116911,stagnation_2500
2025-11-11T04:18:33.606203034Z,ORLIB,mknapcb2,30,ISGA_MKP,mut=0.0040;repair=true;alpha=0.35;kMale=6;tournF=3;tournM=2;ts=false,0,4405,904941,148832.000000,154662.000000,154818.794300,3.866969,3.769510,-5830.000000,0.049508,0.138043,stagnation_2500
2025-11-11T04:24:25.518990025Z,ORLIB,mknapcb2,17,ISGA_MKP,mut=0.0040;repair=true;alpha=0.35;kMale=6;tournF=3;tournM=2;ts=false,0,3767,1800262,105544.000000,109016.000000,109152.606550,3.306020,3.184854,-3472.000000,0.155895,0.362766,time_limit
2025-11-11T04:27:46.674572060Z,ORLIB,mknapcb2,18,ISGA_MKP,mut=0.0040;repair=true;alpha=0.35;kMale=6;tournF=3;tournM=2;ts=true;tenure=9;steps=1200;vmin=0.0;vmax=0.02;lmbMin=0.1;lmbMax=10000;up=1.2;down=0.9,0,2768,992948,105695.000000,109037.000000,109137.662520,3.154422,3.065015,-3342.000000,0.118458,0.297604,stagnation_2500
2025-11-11T04:31:36.461637257Z,ORLIB,mknapcb2,8,ISGA_MKP,mut=0.0040;repair=true;alpha=0.35;kMale=6;tournF=3;tournM=2;ts=false,0,3390,1616820,58003.000000,61472.000000,61638.399573,5.897946,5.643220,-3469.000000,0.249204,0.554958,stagnation_2500
2025-11-11T04:37:00.691723813Z,ORLIB,mknapcb2,8,ISGA_MKP,mut=0.0040;repair=true;alpha=0.35;kMale=6;tournF=3;tournM=2;ts=true;tenure=9;steps=1200;vmin=0.0;vmax=0.02;lmbMin=0.1;lmbMax=10000;up=1.2;down=0.9,0,4147,1709928,58138.000000,61472.000000,61638.399573,5.678927,5.423607,-3334.000000,0.232342,0.538604,stagnation_2500
2025-11-11T04:43:31.207650289Z,ORLIB,mknapcb2,19,ISGA_MKP,mut=0.0040;repair=true;alpha=0.35;kMale=6;tournF=3;tournM=2;ts=true;tenure=9;steps=1200;vmin=0.0;vmax=0.02;lmbMin=0.1;lmbMax=10000;up=1.2;down=0.9,0,2685,1038480,109175.000000,109957.000000,110123.063810,0.860913,0.711187,-782.000000,0.137964,0.339532,stagnation_2500
2025-11-11T04:51:37.912123464Z,ORLIB,mknapcb2,9,ISGA_MKP,mut=0.0040;repair=true;alpha=0.35;kMale=6;tournF=3;tournM=2;ts=false,0,2704,1321423,58771.000000,61885.000000,62032.594706,5.257872,5.031914,-3114.000000,0.276435,0.609907,stagnation_2500
2025-11-11T04:51:42.490759700Z,ORLIB,mknapcb2,18,ISGA_MKP,mut=0.0040;repair=true;alpha=0.35;kMale=6;tournF=3;tournM=2;ts=false,0,4379,1800029,105512.000000,109037.000000,109137.662520,3.322100,3.232848,-3525.000000,0.154346,0.359497,time_limit
2025-11-11T04:55:37.230029065Z,ORLIB,mknapcb2,9,ISGA_MKP,mut=0.0040;repair=true;alpha=0.35;kMale=6;tournF=3;tournM=2;ts=true;tenure=9;steps=1200;vmin=0.0;vmax=0.02;lmbMin=0.1;lmbMax=10000;up=1.2;down=0.9,0,3399,1227980,58425.000000,61885.000000,62032.594706,5.815644,5.591016,-3460.000000,0.216226,0.507563,stagnation_2500
2025-11-11T05:06:12.754953121Z,ORLIB,mknapcb2,20,ISGA_MKP,mut=0.0040;repair=true;alpha=0.35;kMale=6;tournF=3;tournM=2;ts=true;tenure=9;steps=1200;vmin=0.0;vmax=0.02;lmbMin=0.1;lmbMax=10000;up=1.2;down=0.9,0,3775,1497541,105979.000000,107038.000000,107162.119830,1.104047,0.989368,-1059.000000,0.139111,0.338260,stagnation_2500
2025-11-11T05:09:04.341441804Z,ORLIB,mknapcb2,19,ISGA_MKP,mut=0.0040;repair=true;alpha=0.35;kMale=6;tournF=3;tournM=2;ts=false,0,3035,1146304,109025.000000,109957.000000,110123.063810,0.997124,0.847604,-932.000000,0.145267,0.341313,stagnation_2500
2025-11-11T05:10:15.587539181Z,ORLIB,mknapcb2,10,ISGA_MKP,mut=0.0040;repair=true;alpha=0.35;kMale=6;tournF=3;tournM=2;ts=false,0,2534,1229130,58253.000000,58959.000000,59050.473618,1.350495,1.197442,-706.000000,0.278264,0.614334,stagnation_2500
2025-11-11T05:15:42.163248917Z,ORLIB,mknapcb2,10,ISGA_MKP,mut=0.0040;repair=true;alpha=0.35;kMale=6;tournF=3;tournM=2;ts=true;tenure=9;steps=1200;vmin=0.0;vmax=0.02;lmbMin=0.1;lmbMax=10000;up=1.2;down=0.9,0,3586,1325411,58359.000000,58959.000000,59050.473618,1.170987,1.017656,-600.000000,0.237702,0.581110,stagnation_2500
2025-11-11T05:24:06.951079213Z,ORLIB,mknapcb2,20,ISGA_MKP,mut=0.0040;repair=true;alpha=0.35;kMale=6;tournF=3;tournM=2;ts=false,0,3253,992580,105468.000000,107038.000000,107162.119830,1.580894,1.466769,-1570.000000,0.147409,0.345342,stagnation_2500
